{
  "model_path": "../models/bert_fakenews_v1",
  "test_samples": 4128,
  "metrics": {
    "accuracy": 0.9212693798449613,
    "precision": 0.9095619406500236,
    "recall": 0.935562015503876,
    "f1_score": 0.9223787914974922,
    "auc": 0.986183409951325
  },
  "confusion_matrix": {
    "true_negative": 1872,
    "false_positive": 192,
    "false_negative": 133,
    "true_positive": 1931
  },
  "error_analysis": {
    "false_positives": 192,
    "false_negatives": 133
  }
}